"time","signatures_count"
"2020-12-06 20:52:49",12257
"2020-12-06 20:53:09",12260
"2020-12-07 06:29:27",12503
"2020-12-07 06:51:06",12525
"2020-12-07 07:37:42",12572
"2020-12-07 08:36:48",12669
"2020-12-07 08:51:32",12683
"2020-12-07 09:30:57",12728
"2020-12-07 09:52:07",12750
"2020-12-07 10:31:52",12811
"2020-12-07 10:46:53",12825
"2020-12-07 10:57:39",12834
"2020-12-07 11:49:34",12898
"2020-12-07 13:02:58",12975
"2020-12-07 13:53:10",13031
"2020-12-07 14:54:42",13089
"2020-12-07 15:58:26",13150
"2020-12-07 17:10:00",13213
"2020-12-07 17:53:43",13249
"2020-12-07 19:03:21",13313
"2020-12-07 19:54:03",13351
"2020-12-07 20:53:17",13406
"2020-12-07 21:55:46",13455
"2020-12-07 22:57:11",13486
"2020-12-07 23:57:39",13499
"2020-12-08 01:31:17",13510
"2020-12-08 02:08:05",13512
"2020-12-08 02:56:54",13516
"2020-12-08 04:02:39",13521
"2020-12-08 04:59:16",13529
"2020-12-08 05:53:56",13541
"2020-12-08 07:00:11",13562
"2020-12-08 07:53:45",13599
"2020-12-08 08:58:39",13631
"2020-12-08 09:58:29",13674
"2020-12-08 10:56:47",13716
"2020-12-08 11:56:51",13770
"2020-12-08 13:04:13",13820
"2020-12-08 13:54:33",13850
"2020-12-08 14:15:51",13871
"2020-12-08 14:53:19",13894
"2020-12-08 15:55:13",13940
"2020-12-08 17:13:23",13996
"2020-12-08 17:51:54",14023
"2020-12-08 18:14:04",14037
"2020-12-08 18:37:52",14055
"2020-12-08 18:55:38",14066
"2020-12-08 19:50:13",14099
"2020-12-08 20:52:13",14153
"2020-12-08 21:54:07",14198
"2020-12-08 22:56:26",14228
"2020-12-08 23:54:56",14248
"2020-12-09 01:31:11",14254
"2020-12-09 02:09:49",14254
"2020-12-09 02:55:50",14256
"2020-12-09 03:55:38",14258
"2020-12-09 04:56:19",14259
"2020-12-09 05:52:19",14269
"2020-12-09 06:58:58",14287
"2020-12-09 07:52:26",14327
"2020-12-09 08:56:18",14370
"2020-12-09 09:55:41",14415
"2020-12-09 10:54:25",14454
"2020-12-09 11:51:29",14511
"2020-12-09 13:02:12",14571
"2020-12-09 13:50:46",14613
"2020-12-09 14:52:33",14659
"2020-12-09 15:59:40",14695
"2020-12-09 17:06:36",14738
"2020-12-09 17:52:06",14771
"2020-12-09 19:01:28",14816
"2020-12-09 19:52:14",14847
"2020-12-09 20:51:53",14882
"2020-12-09 21:55:31",14905
"2020-12-09 22:57:56",14915
"2020-12-09 23:54:43",14922
"2020-12-10 01:32:18",14925
"2020-12-10 02:13:33",14925
"2020-12-10 02:56:28",14926
"2020-12-10 03:57:22",14926
"2020-12-10 04:59:35",14930
"2020-12-10 05:57:22",14932
"2020-12-10 06:58:54",14938
"2020-12-10 07:51:12",14952
"2020-12-10 08:59:20",14976
"2020-12-10 09:56:10",14999
"2020-12-10 10:54:17",15032
"2020-12-10 11:50:34",15060
"2020-12-10 13:04:08",15085
"2020-12-10 13:51:53",15100
"2020-12-10 14:52:20",15122
"2020-12-10 15:57:38",15148
"2020-12-10 17:13:28",15176
"2020-12-10 17:55:30",15193
"2020-12-10 18:59:03",15218
"2020-12-10 19:51:27",15245
"2020-12-10 20:52:39",15282
"2020-12-10 21:54:00",15304
"2020-12-10 22:59:52",15325
"2020-12-10 23:56:22",15340
"2020-12-11 01:33:24",15350
"2020-12-11 02:13:57",15350
"2020-12-11 02:59:46",15351
"2020-12-11 03:56:44",15354
"2020-12-11 04:58:16",15359
"2020-12-11 05:52:29",15368
"2020-12-11 07:00:00",15390
"2020-12-11 07:54:01",15398
"2020-12-11 08:57:35",15429
"2020-12-11 09:56:45",15465
"2020-12-11 10:55:49",15495
"2020-12-11 11:50:42",15520
"2020-12-11 13:03:12",15565
"2020-12-11 13:51:59",15587
"2020-12-11 14:53:35",15614
"2020-12-11 15:56:34",15642
"2020-12-11 17:13:18",15685
"2020-12-11 17:54:37",15699
"2020-12-11 18:57:24",15727
"2020-12-11 19:53:19",15762
"2020-12-11 20:52:26",15796
"2020-12-11 21:55:25",15831
"2020-12-11 22:57:55",NA
"2020-12-11 23:57:35",15859
"2020-12-12 01:31:58",15864
"2020-12-12 02:15:52",15868
"2020-12-12 02:57:43",15870
"2020-12-12 03:57:28",15871
"2020-12-12 04:59:03",15874
"2020-12-12 05:51:10",15878
"2020-12-12 06:59:07",NA
"2020-12-12 07:21:07",15890
"2020-12-12 07:53:53",15906
"2020-12-12 08:56:52",15942
"2020-12-12 09:56:57",15969
"2020-12-12 10:47:07",NA
"2020-12-12 11:17:32",16014
"2020-12-12 11:52:29",16028
"2020-12-12 13:02:39",16049
"2020-12-12 13:52:22",16068
"2020-12-12 14:52:58",NA
"2020-12-12 15:57:09",16105
"2020-12-12 16:14:31",16118
"2020-12-12 17:12:27",16146
"2020-12-12 17:54:46",16168
"2020-12-12 18:56:48",16192
"2020-12-12 19:50:52",16217
"2020-12-12 20:53:32",16255
"2020-12-12 21:55:54",16272
"2020-12-12 22:57:59",16295
"2020-12-12 23:57:13",NA
"2020-12-13 01:36:45",16320
"2020-12-13 02:15:32",NA
"2020-12-13 02:58:39",NA
"2020-12-13 03:41:30",16322
"2020-12-13 03:58:18",16322
"2020-12-13 04:59:44",16324
"2020-12-13 05:52:10",16327
"2020-12-13 06:59:52",16345
"2020-12-13 07:54:44",16371
"2020-12-13 08:57:51",16401
"2020-12-13 09:58:23",16435
"2020-12-13 10:55:51",16465
"2020-12-13 11:52:38",16501
"2020-12-13 13:04:34",16541
"2020-12-13 13:52:11",16571
"2020-12-13 14:53:07",16594
"2020-12-13 15:57:02",16626
"2020-12-13 17:14:23",16671
"2020-12-13 17:56:06",16685
"2020-12-13 18:59:56",16716
"2020-12-13 19:51:58",16756
"2020-12-13 20:54:06",16791
"2020-12-13 21:56:33",16818
"2020-12-13 22:59:18",16838
"2020-12-14 00:01:39",16848
"2020-12-14 01:37:10",16851
"2020-12-14 02:17:32",16852
"2020-12-14 03:00:48",16852
"2020-12-14 03:57:46",16852
"2020-12-14 05:01:16",16856
"2020-12-14 05:54:12",16862
"2020-12-14 07:04:44",16884
"2020-12-14 07:54:18",16911
"2020-12-14 08:59:06",16932
"2020-12-14 09:57:45",16951
"2020-12-14 10:57:05",16978
"2020-12-14 11:53:59",17005
"2020-12-14 13:09:14",17041
"2020-12-14 13:53:36",17064
"2020-12-14 14:54:41",17095
"2020-12-14 15:58:25",17109
"2020-12-14 17:14:48",17141
"2020-12-14 17:56:46",17154
"2020-12-14 18:57:34",17182
"2020-12-14 19:52:52",17225
"2020-12-14 20:53:55",17264
"2020-12-14 21:56:20",17312
"2020-12-14 23:00:17",17330
"2020-12-14 23:57:52",17335
"2020-12-15 01:33:58",17339
"2020-12-15 02:20:23",17340
"2020-12-15 03:04:36",17340
"2020-12-15 03:59:12",17342
"2020-12-15 04:59:55",17349
"2020-12-15 05:52:29",17353
"2020-12-15 07:03:45",17378
"2020-12-15 07:54:48",17401
"2020-12-15 08:59:54",17444
"2020-12-15 09:57:22",17463
"2020-12-15 10:56:39",17488
"2020-12-15 11:54:00",17507
"2020-12-15 13:07:30",17534
"2020-12-15 13:55:11",17551
"2020-12-15 14:53:59",17567
"2020-12-15 16:04:13",17586
"2020-12-15 17:16:45",17612
"2020-12-15 17:59:10",17619
"2020-12-15 19:01:09",17634
"2020-12-15 19:54:45",17648
"2020-12-15 20:54:09",17665
"2020-12-15 21:57:02",17680
"2020-12-15 22:58:08",17684
"2020-12-15 23:58:53",17690
"2020-12-16 01:38:37",17692
"2020-12-16 02:19:32",17692
"2020-12-16 03:00:53",17692
"2020-12-16 03:59:21",17693
"2020-12-16 05:00:38",17694
"2020-12-16 05:52:49",17696
"2020-12-16 07:01:38",17705
"2020-12-16 07:54:53",17715
"2020-12-16 08:58:49",17734
"2020-12-16 10:01:09",17744
"2020-12-16 11:00:24",17757
"2020-12-16 11:53:28",17765
"2020-12-16 13:08:26",17781
"2020-12-16 13:54:19",17786
"2020-12-16 14:54:09",17793
"2020-12-16 16:02:13",17807
"2020-12-16 17:18:42",17835
"2020-12-16 18:03:04",17848
"2020-12-16 19:00:36",17866
"2020-12-16 19:52:36",17902
"2020-12-16 20:55:04",17948
"2020-12-16 21:57:16",17992
"2020-12-16 22:59:29",18010
"2020-12-17 00:00:26",18024
"2020-12-17 01:43:55",18033
"2020-12-17 02:20:21",18034
"2020-12-17 03:02:53",18035
"2020-12-17 03:59:12",18037
"2020-12-17 05:02:00",18039
"2020-12-17 05:55:21",18049
"2020-12-17 07:05:13",18061
"2020-12-17 07:56:14",18085
"2020-12-17 08:59:54",18105
"2020-12-17 09:59:24",18125
"2020-12-17 10:58:52",18143
"2020-12-17 11:55:23",18166
"2020-12-17 13:07:18",18192
"2020-12-17 13:55:01",18201
"2020-12-17 14:55:49",18219
"2020-12-17 15:59:41",18240
"2020-12-17 17:20:39",18267
"2020-12-17 18:04:27",18281
"2020-12-17 19:02:50",18299
"2020-12-17 19:53:06",18316
"2020-12-17 20:53:44",18339
"2020-12-17 21:57:01",18370
"2020-12-17 23:03:39",18390
"2020-12-17 23:58:56",18393
"2020-12-18 01:42:09",18400
"2020-12-18 02:20:54",18400
"2020-12-18 03:04:02",18400
"2020-12-18 04:02:03",18400
"2020-12-18 05:03:40",18402
"2020-12-18 05:56:52",18410
"2020-12-18 07:05:58",18429
"2020-12-18 08:01:36",18445
"2020-12-18 09:02:42",18470
"2020-12-18 10:02:09",18490
"2020-12-18 11:00:02",18522
"2020-12-18 11:56:58",18541
"2020-12-18 13:08:43",18570
"2020-12-18 13:57:00",18583
"2020-12-18 14:56:43",18606
"2020-12-18 16:03:52",18632
"2020-12-18 17:23:48",18659
"2020-12-18 18:07:52",18678
"2020-12-18 19:06:31",18698
"2020-12-18 19:55:41",18722
"2020-12-18 20:55:16",18747
"2020-12-18 21:57:51",18773
"2020-12-18 23:03:33",18789
"2020-12-19 00:00:40",18802
"2020-12-19 01:40:04",18807
"2020-12-19 02:20:00",18808
"2020-12-19 03:04:38",18808
"2020-12-19 04:01:22",18809
"2020-12-19 05:03:40",18810
"2020-12-19 05:54:07",18810
"2020-12-19 07:10:44",18831
"2020-12-19 07:55:29",18848
"2020-12-19 09:00:05",18879
"2020-12-19 10:02:48",18914
"2020-12-19 10:59:04",18927
"2020-12-19 11:54:45",18948
"2020-12-19 13:08:20",18964
"2020-12-19 13:56:27",18976
"2020-12-19 14:55:33",18997
"2020-12-19 16:02:08",19016
"2020-12-19 17:22:03",19054
"2020-12-19 18:06:17",19069
"2020-12-19 19:03:44",19092
"2020-12-19 19:53:59",19115
"2020-12-19 20:56:33",19150
"2020-12-19 21:56:43",19173
"2020-12-19 23:03:41",19198
"2020-12-19 23:59:16",19206
"2020-12-20 01:42:59",19212
"2020-12-20 02:21:58",19213
"2020-12-20 03:03:50",19213
"2020-12-20 04:00:44",19213
"2020-12-20 05:03:15",19215
"2020-12-20 05:55:43",19217
"2020-12-20 07:04:17",19230
"2020-12-20 07:57:51",19255
"2020-12-20 09:01:23",19292
"2020-12-20 10:00:50",19317
"2020-12-20 10:59:29",19342
"2020-12-20 11:55:05",19370
"2020-12-20 13:08:00",19400
"2020-12-20 13:56:47",19425
"2020-12-20 14:56:56",19456
"2020-12-20 16:02:28",19490
"2020-12-20 17:23:02",19522
"2020-12-20 18:07:08",19547
"2020-12-20 19:06:15",19579
"2020-12-20 19:55:31",19591
"2020-12-20 20:56:02",19613
"2020-12-20 21:57:06",19637
"2020-12-20 23:06:28",19654
"2020-12-21 00:03:10",19661
"2020-12-21 01:46:13",19666
"2020-12-21 02:22:49",19666
"2020-12-21 03:08:05",19666
"2020-12-21 04:02:59",19666
"2020-12-21 05:05:32",19667
"2020-12-21 05:56:26",19672
"2020-12-21 07:08:59",19680
"2020-12-21 07:59:09",19695
"2020-12-21 09:04:20",19718
"2020-12-21 10:03:43",19731
"2020-12-21 11:04:04",19752
"2020-12-21 11:58:17",19782
"2020-12-21 13:12:28",19817
"2020-12-21 14:01:14",19838
"2020-12-21 14:59:46",19861
"2020-12-21 16:05:41",19895
"2020-12-21 17:27:23",19938
"2020-12-21 18:14:11",19959
"2020-12-21 19:08:31",19985
"2020-12-21 19:58:50",20006
"2020-12-21 20:59:58",20040
"2020-12-21 22:02:44",20060
"2020-12-21 23:08:39",20077
"2020-12-22 00:06:51",20082
"2020-12-22 01:48:31",20088
"2020-12-22 02:27:13",20088
"2020-12-22 03:13:07",20090
"2020-12-22 04:07:57",20094
"2020-12-22 05:08:59",20095
"2020-12-22 06:03:04",20102
"2020-12-22 07:11:52",20123
"2020-12-22 08:02:27",20065
"2020-12-22 09:07:09",20097
"2020-12-22 10:07:46",20123
"2020-12-22 11:05:45",20153
"2020-12-22 12:00:20",20178
"2020-12-22 13:18:46",20207
"2020-12-22 14:01:39",20220
"2020-12-22 15:02:24",20240
"2020-12-22 16:10:26",20271
"2020-12-22 17:32:31",20308
"2020-12-22 18:19:11",20330
"2020-12-22 19:12:59",20350
"2020-12-22 19:59:52",20366
"2020-12-22 21:01:26",20391
"2020-12-22 22:04:52",20411
"2020-12-22 23:09:36",20429
"2020-12-23 00:08:15",20439
"2020-12-23 01:50:33",20443
"2020-12-23 03:13:21",20447
"2020-12-23 04:07:54",20449
"2020-12-23 05:10:26",20451
"2020-12-23 06:02:42",20460
"2020-12-23 07:12:36",20473
"2020-12-23 08:04:07",20492
"2020-12-23 09:09:24",20514
"2020-12-23 10:09:18",20531
"2020-12-23 11:05:22",20551
"2020-12-23 12:00:08",20568
"2020-12-23 13:15:28",20594
"2020-12-23 14:01:09",20605
"2020-12-23 15:04:23",20619
"2020-12-23 16:11:19",20634
"2020-12-23 17:36:34",20660
"2020-12-23 18:21:40",20666
"2020-12-23 19:17:42",20682
"2020-12-23 20:02:11",20701
"2020-12-23 21:03:03",20714
"2020-12-23 22:05:19",20735
"2020-12-23 23:09:16",20751
"2020-12-24 00:09:48",20759
"2020-12-24 01:55:43",20760
"2020-12-24 03:24:20",20761
"2020-12-24 04:11:24",20762
"2020-12-24 05:12:57",20763
"2020-12-24 06:03:44",20766
"2020-12-24 07:11:43",20775
"2020-12-24 08:03:59",20786
"2020-12-24 09:08:41",20801
"2020-12-24 10:08:58",20818
"2020-12-24 11:06:00",20828
"2020-12-24 12:00:42",20844
"2020-12-24 13:18:01",20865
"2020-12-24 14:02:16",20871
"2020-12-24 15:02:40",20882
"2020-12-24 16:10:44",20887
"2020-12-24 17:36:56",20897
"2020-12-24 18:23:43",20904
"2020-12-24 19:21:11",20911
"2020-12-24 20:03:24",20915
"2020-12-24 21:01:33",20927
"2020-12-24 22:06:26",20934
"2020-12-24 23:11:19",20939
"2020-12-25 00:09:55",20943
"2020-12-25 01:55:03",20946
"2020-12-25 03:14:48",20946
"2020-12-25 04:08:10",20946
"2020-12-25 05:10:34",20946
"2020-12-25 06:02:20",20950
"2020-12-25 07:11:33",20955
"2020-12-25 08:04:50",20963
"2020-12-25 09:10:00",20977
"2020-12-25 10:10:08",20988
"2020-12-25 11:08:07",21001
"2020-12-25 12:00:30",21009
"2020-12-25 13:14:42",21021
"2020-12-25 14:01:38",21031
"2020-12-25 15:00:00",21050
"2020-12-25 16:09:18",21062
"2020-12-25 17:32:36",21075
"2020-12-25 18:20:52",21096
"2020-12-25 19:13:48",21106
"2020-12-25 20:03:15",21117
"2020-12-25 21:03:28",21129
"2020-12-25 22:03:17",21147
"2020-12-25 23:11:25",21163
"2020-12-26 00:09:25",21173
"2020-12-26 01:54:59",21177
"2020-12-26 03:16:07",21183
"2020-12-26 04:09:02",21184
"2020-12-26 05:10:00",21185
"2020-12-26 06:04:17",21187
"2020-12-26 07:13:28",21199
"2020-12-26 08:05:05",21213
"2020-12-26 09:16:41",21231
"2020-12-26 10:10:41",21248
"2020-12-26 11:06:55",21272
"2020-12-26 12:01:57",21285
"2020-12-26 13:14:18",21299
"2020-12-26 14:02:22",21312
"2020-12-26 15:00:23",21323
"2020-12-26 16:06:24",21333
"2020-12-26 17:33:44",21354
"2020-12-26 18:25:22",21367
"2020-12-26 19:14:23",21379
"2020-12-26 20:04:14",21394
"2020-12-26 20:59:40",21408
"2020-12-26 23:10:35",21449
"2020-12-27 00:08:52",21457
"2020-12-27 01:58:36",21461
"2020-12-27 03:15:19",21461
"2020-12-27 04:11:04",21462
"2020-12-27 05:11:04",21466
"2020-12-27 06:03:59",21467
"2020-12-27 07:12:37",21474
"2020-12-27 08:05:35",21486
"2020-12-27 09:10:01",21506
"2020-12-27 10:11:12",21518
"2020-12-27 11:06:39",21531
"2020-12-27 12:00:03",21556
"2020-12-27 13:14:58",21568
"2020-12-27 14:01:49",21588
"2020-12-27 15:00:58",21603
"2020-12-27 16:08:30",21615
"2020-12-27 17:33:47",21636
"2020-12-27 18:23:22",21649
"2020-12-27 19:16:14",21663
"2020-12-27 20:03:28",21679
"2020-12-27 21:00:25",21694
"2020-12-27 22:02:58",21705
"2020-12-27 23:12:07",21716
"2020-12-28 00:09:58",21717
"2020-12-28 01:59:43",21719
"2020-12-28 03:17:41",21719
"2020-12-28 04:10:01",21719
"2020-12-28 05:13:12",21720
"2020-12-28 06:04:40",21726
"2020-12-28 07:19:07",21742
"2020-12-28 08:06:20",21752
"2020-12-28 09:10:14",21767
"2020-12-28 10:09:58",21789
"2020-12-28 11:06:48",21811
"2020-12-28 12:01:20",21825
"2020-12-28 13:17:38",21845
"2020-12-28 14:06:17",21856
"2020-12-28 15:02:39",21877
"2020-12-28 16:10:56",21891
"2020-12-28 17:37:46",21917
"2020-12-28 18:24:43",21939
"2020-12-28 19:21:15",21957
"2020-12-28 20:04:35",21969
"2020-12-28 21:06:22",21986
"2020-12-28 22:06:32",22005
"2020-12-28 23:13:13",22020
"2020-12-29 00:10:55",22021
"2020-12-29 01:59:46",22024
"2020-12-29 03:18:27",22025
"2020-12-29 04:12:14",22025
"2020-12-29 05:15:01",22026
"2020-12-29 06:05:26",22029
"2020-12-29 07:14:45",22043
"2020-12-29 08:05:12",22063
"2020-12-29 09:12:26",22086
"2020-12-29 10:11:22",22105
"2020-12-29 11:09:32",22118
"2020-12-29 12:06:54",22125
"2020-12-29 13:18:27",22142
"2020-12-29 14:05:36",22150
"2020-12-29 15:05:22",22160
"2020-12-29 16:10:48",22169
"2020-12-29 17:41:50",22187
"2020-12-29 18:30:43",22191
"2020-12-29 19:27:46",22196
"2020-12-29 20:07:57",22204
"2020-12-29 21:05:24",22217
"2020-12-29 22:05:59",22227
"2020-12-29 23:13:31",22232
"2020-12-30 00:10:44",22233
"2020-12-30 02:00:03",22234
"2020-12-30 03:19:10",22234
"2020-12-30 04:12:32",22234
"2020-12-30 05:16:18",22235
"2020-12-30 06:04:39",22235
"2020-12-30 07:15:17",22241
"2020-12-30 08:08:20",22244
"2020-12-30 09:12:26",22251
"2020-12-30 10:11:49",22252
"2020-12-30 11:09:44",22262
"2020-12-30 12:07:06",22269
"2020-12-30 13:17:56",22306
"2020-12-30 14:04:40",22323
"2020-12-30 15:04:02",22339
"2020-12-30 16:13:23",22362
"2020-12-30 17:42:14",22391
"2020-12-30 18:29:14",22412
"2020-12-30 19:29:00",22435
"2020-12-30 20:08:20",22454
"2020-12-30 21:06:13",22480
"2020-12-30 22:06:59",22509
"2020-12-30 23:14:23",22522
"2020-12-31 00:12:38",22534
"2020-12-31 02:04:18",22539
"2020-12-31 03:19:05",22541
"2020-12-31 04:16:49",22543
"2020-12-31 05:17:52",22548
"2020-12-31 06:09:26",22550
"2020-12-31 07:16:52",22562
"2020-12-31 08:10:59",22573
"2020-12-31 09:13:10",22593
"2020-12-31 10:13:45",22611
"2020-12-31 11:11:08",22630
"2020-12-31 12:04:45",22643
"2020-12-31 13:22:34",22659
"2020-12-31 14:09:27",22678
"2020-12-31 15:04:34",22681
"2020-12-31 16:13:11",22686
"2020-12-31 17:44:35",22696
"2020-12-31 18:33:17",22701
"2020-12-31 19:27:28",22706
"2020-12-31 20:09:00",22713
"2020-12-31 21:06:35",22721
"2020-12-31 22:06:31",22730
"2020-12-31 23:15:30",22734
"2021-01-01 00:12:57",22738
"2021-01-01 02:07:51",22741
"2021-01-01 03:21:01",22741
"2021-01-01 04:15:18",22741
"2021-01-01 05:18:15",22741
"2021-01-01 06:08:47",22741
"2021-01-01 07:15:57",22746
"2021-01-01 08:08:54",22751
"2021-01-01 09:13:44",22759
"2021-01-01 10:12:35",22767
"2021-01-01 11:11:10",22779
"2021-01-01 12:04:45",22789
"2021-01-01 13:20:41",22803
"2021-01-01 14:06:31",22809
"2021-01-01 15:03:39",22821
"2021-01-01 16:14:08",22834
"2021-01-01 17:44:00",22859
"2021-01-01 18:31:09",22871
"2021-01-01 19:27:25",22885
"2021-01-01 20:10:48",22897
"2021-01-01 21:07:14",22906
"2021-01-01 22:07:45",22921
"2021-01-01 23:17:28",22934
"2021-01-02 00:12:04",22939
"2021-01-02 02:04:15",22944
"2021-01-02 03:19:55",22948
"2021-01-02 04:13:54",22948
"2021-01-02 05:18:53",22949
"2021-01-02 06:07:24",22953
"2021-01-02 07:14:35",22960
"2021-01-02 08:09:07",22973
"2021-01-02 09:13:13",22985
"2021-01-02 10:13:50",23005
"2021-01-02 11:10:31",23015
"2021-01-02 12:04:20",23030
"2021-01-02 13:20:21",23048
"2021-01-02 14:05:15",23052
"2021-01-02 15:03:20",23059
"2021-01-02 16:11:59",23072
"2021-01-02 17:43:00",23082
"2021-01-02 18:27:23",23092
"2021-01-02 19:26:22",23104
"2021-01-02 20:07:09",23107
"2021-01-02 21:06:39",23121
"2021-01-02 22:08:34",23129
"2021-01-02 23:16:22",23136
"2021-01-03 00:16:55",23139
"2021-01-03 02:11:08",23140
"2021-01-03 03:18:57",23140
"2021-01-03 04:17:05",23141
"2021-01-03 05:18:12",23145
"2021-01-03 06:08:39",23146
"2021-01-03 07:17:55",23146
"2021-01-03 08:09:37",23150
"2021-01-03 09:14:06",23154
"2021-01-03 10:13:56",23166
"2021-01-03 11:11:45",23168
"2021-01-03 12:05:12",23170
"2021-01-03 13:21:31",23177
"2021-01-03 14:05:28",23186
"2021-01-03 15:04:27",23192
"2021-01-03 16:12:45",23198
"2021-01-03 17:46:35",23212
"2021-01-03 18:28:20",23217
"2021-01-03 19:27:50",23223
"2021-01-03 20:09:58",23224
"2021-01-03 21:09:17",23229
"2021-01-03 22:09:10",23230
"2021-01-03 23:16:33",23231
"2021-01-04 00:17:07",23232
"2021-01-04 02:10:40",23232
"2021-01-04 03:21:57",23232
"2021-01-04 04:20:37",23232
"2021-01-04 05:21:16",23232
"2021-01-04 06:09:13",23232
"2021-01-04 07:18:54",23233
"2021-01-04 08:12:34",23234
"2021-01-04 09:18:52",23237
"2021-01-04 10:17:38",23240
"2021-01-04 11:14:39",23244
"2021-01-04 12:05:26",23251
"2021-01-04 13:23:42",23259
"2021-01-04 14:09:13",23268
"2021-01-04 15:04:46",23274
"2021-01-04 16:31:16",23288
"2021-01-04 17:50:17",23294
"2021-01-04 18:30:56",23300
"2021-01-04 19:27:21",23304
"2021-01-04 20:10:31",23306
"2021-01-04 21:07:17",23312
"2021-01-04 22:08:51",23325
"2021-01-04 23:18:14",23330
"2021-01-05 00:16:49",23331
"2021-01-05 02:11:30",23332
"2021-01-05 03:21:06",23332
"2021-01-05 04:19:38",23332
"2021-01-05 05:23:07",23333
"2021-01-05 06:12:06",23334
"2021-01-05 07:23:46",23340
"2021-01-05 08:13:22",23344
"2021-01-05 09:21:26",23354
"2021-01-05 10:19:49",23362
"2021-01-05 11:14:08",23369
"2021-01-05 12:05:43",23373
"2021-01-05 13:22:17",23382
"2021-01-05 14:12:28",23390
"2021-01-05 15:09:09",23398
"2021-01-05 16:14:32",23404
"2021-01-05 17:55:20",23412
"2021-01-05 19:26:33",23417
"2021-01-05 20:10:10",23423
"2021-01-05 21:07:33",23432
"2021-01-05 22:11:20",23437
"2021-01-05 23:18:04",23440
"2021-01-06 00:15:56",23441
"2021-01-06 02:11:25",23443
"2021-01-06 03:22:23",23443
"2021-01-06 04:22:45",23443
"2021-01-06 05:23:28",23443
"2021-01-06 06:14:27",23443
"2021-01-06 07:21:26",23444
"2021-01-06 08:13:45",23448
"2021-01-06 09:17:39",23450
"2021-01-06 10:20:00",23454
"2021-01-06 11:18:22",23475
"2021-01-06 12:04:33",23504
"2021-01-06 13:28:23",23570
"2021-01-06 14:11:23",23586
"2021-01-06 15:05:33",23603
"2021-01-06 16:15:12",23626
"2021-01-06 17:52:48",23654
"2021-01-06 19:27:41",23685
"2021-01-06 20:13:19",23697
"2021-01-06 21:07:13",23713
"2021-01-06 22:09:40",23721
"2021-01-06 23:20:33",23732
"2021-01-07 00:17:20",23735
"2021-01-07 02:16:59",23737
"2021-01-07 03:26:03",23738
"2021-01-07 04:26:03",23739
"2021-01-07 05:26:12",23742
"2021-01-07 06:14:24",23743
"2021-01-07 07:19:42",23749
"2021-01-07 08:14:17",23758
"2021-01-07 09:18:25",23769
"2021-01-07 10:19:41",23786
"2021-01-07 11:16:14",23797
"2021-01-07 12:06:10",23803
"2021-01-07 13:24:55",23813
"2021-01-07 14:16:06",23816
"2021-01-07 15:06:19",23822
"2021-01-07 16:14:43",23830
"2021-01-07 17:54:25",23848
"2021-01-07 19:24:02",23866
"2021-01-07 20:09:15",23875
"2021-01-07 21:09:29",23891
"2021-01-07 22:12:20",23909
"2021-01-07 23:21:36",NA
"2021-01-08 00:17:23",23920
"2021-01-08 02:19:58",23922
"2021-01-08 03:26:54",23922
"2021-01-08 04:25:47",23924
"2021-01-08 05:26:59",23928
"2021-01-08 06:14:26",23930
"2021-01-08 07:20:50",23936
"2021-01-08 08:17:06",23943
"2021-01-08 09:20:39",23960
"2021-01-08 11:19:37",23981
"2021-01-08 12:08:59",23987
"2021-01-08 13:30:02",23997
"2021-01-08 14:13:35",24011
"2021-01-08 15:07:32",24021
"2021-01-08 16:13:59",24034
"2021-01-08 17:56:55",24051
"2021-01-08 19:23:51",24065
"2021-01-08 20:08:09",24074
"2021-01-08 21:09:12",24081
"2021-01-08 22:12:42",24089
"2021-01-08 23:22:34",24093
"2021-01-09 00:18:08",24093
"2021-01-09 02:16:50",24096
"2021-01-09 03:26:41",24096
"2021-01-09 04:29:22",24097
"2021-01-09 05:27:52",24097
"2021-01-09 06:16:17",24100
"2021-01-09 07:21:36",24106
"2021-01-09 08:17:26",24114
"2021-01-09 09:21:04",24120
"2021-01-09 10:25:54",24128
"2021-01-09 11:17:15",24134
"2021-01-09 12:08:24",24139
"2021-01-09 13:25:18",24148
"2021-01-09 14:13:39",24149
"2021-01-09 15:05:16",24154
"2021-01-09 16:14:47",24161
"2021-01-09 17:58:43",24177
"2021-01-09 19:29:04",24195
"2021-01-09 20:14:18",24201
"2021-01-09 21:07:34",24210
"2021-01-09 22:13:17",24218
"2021-01-09 23:20:30",24227
"2021-01-10 00:19:43",24232
"2021-01-10 02:22:35",24234
"2021-01-10 03:33:00",24234
"2021-01-10 04:28:24",24234
"2021-01-10 05:31:39",24235
"2021-01-10 06:18:13",24236
"2021-01-10 07:24:45",24239
"2021-01-10 08:20:14",24260
"2021-01-10 09:21:58",24274
"2021-01-10 10:22:23",24288
"2021-01-10 11:19:58",24292
"2021-01-10 12:08:39",24298
"2021-01-10 13:28:59",24307
"2021-01-10 14:14:03",24310
"2021-01-10 15:07:57",24317
"2021-01-10 16:16:53",24326
"2021-01-10 18:01:30",24341
"2021-01-10 19:32:24",24359
"2021-01-10 20:14:24",24374
"2021-01-10 21:08:31",24382
"2021-01-10 22:11:19",24387
"2021-01-10 23:21:48",24388
"2021-01-11 00:20:30",24388
"2021-01-11 02:21:58",24390
"2021-01-11 03:33:03",24390
"2021-01-11 04:28:41",24390
"2021-01-11 05:32:49",24393
"2021-01-11 06:21:40",24394
"2021-01-11 07:25:39",24405
"2021-01-11 08:19:09",24412
"2021-01-11 09:27:40",24421
"2021-01-11 10:27:00",24426
"2021-01-11 11:23:50",24430
"2021-01-11 12:12:05",24437
"2021-01-11 13:32:06",24444
"2021-01-11 14:20:38",24450
"2021-01-11 15:13:16",24458
"2021-01-11 16:14:49",24459
"2021-01-11 17:59:18",24471
"2021-01-11 19:34:26",24486
"2021-01-11 20:16:37",24496
"2021-01-11 21:10:34",24503
"2021-01-11 22:13:43",24511
"2021-01-11 23:22:34",24518
"2021-01-12 00:23:51",24519
"2021-01-12 02:21:51",24520
"2021-01-12 03:36:45",24520
"2021-01-12 04:27:33",24521
"2021-01-12 05:31:20",24521
"2021-01-12 06:24:06",24524
"2021-01-12 07:30:40",24533
"2021-01-12 08:22:30",24591
"2021-01-12 09:30:27",24597
"2021-01-12 10:27:38",24607
"2021-01-12 11:25:50",24613
"2021-01-12 12:14:27",24618
"2021-01-12 13:34:19",24626
"2021-01-12 14:23:30",24627
"2021-01-12 15:14:44",24631
"2021-01-12 16:20:38",24632
"2021-01-12 19:38:33",24657
"2021-01-12 20:25:01",24661
"2021-01-12 21:15:49",24671
"2021-01-12 22:15:39",24675
"2021-01-12 23:26:36",24682
"2021-01-13 00:30:12",24684
"2021-01-13 02:30:12",24684
"2021-01-13 03:43:36",24685
"2021-01-13 04:29:17",24685
"2021-01-13 05:38:08",24685
"2021-01-13 06:28:42",24685
"2021-01-13 07:33:01",24690
"2021-01-13 08:29:07",24697
"2021-01-13 09:38:32",24709
"2021-01-13 10:37:06",24721
"2021-01-13 11:36:07",24729
"2021-01-13 12:27:49",24736
"2021-01-13 13:41:07",24745
"2021-01-13 14:30:28",24749
"2021-01-13 15:20:56",24752
"2021-01-13 16:32:53",24761
"2021-01-13 18:18:54",24767
"2021-01-13 19:53:17",24779
"2021-01-13 20:27:16",24781
"2021-01-13 21:22:32",24791
"2021-01-13 22:19:32",24816
"2021-01-13 23:32:00",24818
"2021-01-14 00:36:41",24819
"2021-01-14 02:39:31",24821
"2021-01-14 03:54:58",24822
"2021-01-14 05:39:54",24823
"2021-01-14 06:31:19",24825
"2021-01-14 07:36:14",24827
"2021-01-14 08:37:50",24834
"2021-01-14 09:36:13",24841
"2021-01-14 10:38:58",24847
"2021-01-14 11:36:06",24854
"2021-01-14 12:26:25",24863
"2021-01-14 13:43:44",24867
"2021-01-14 14:30:52",24868
"2021-01-14 15:22:08",24870
"2021-01-14 16:29:05",24880
"2021-01-14 18:22:23",24894
"2021-01-14 19:50:51",24903
"2021-01-14 20:27:47",24906
"2021-01-14 21:21:27",24914
"2021-01-14 22:18:01",24918
"2021-01-14 23:29:22",24922
"2021-01-15 00:34:02",24925
"2021-01-15 02:35:56",24926
"2021-01-15 03:49:57",24927
"2021-01-15 04:28:48",24927
"2021-01-15 05:37:21",24930
"2021-01-15 06:28:14",24932
"2021-01-15 07:33:24",24939
"2021-01-15 08:28:15",24947
"2021-01-15 09:34:39",24954
"2021-01-15 10:36:09",24960
"2021-01-15 11:35:13",24968
"2021-01-15 12:23:40",24971
"2021-01-15 13:42:22",24976
"2021-01-15 14:30:11",24979
"2021-01-15 15:19:54",24982
"2021-01-15 16:25:24",24989
"2021-01-15 18:17:37",25000
"2021-01-15 20:30:12",25010
"2021-01-15 21:25:21",25015
"2021-01-15 22:22:07",25018
"2021-01-15 23:35:31",25018
"2021-01-16 00:36:57",25019
"2021-01-16 02:38:41",25019
"2021-01-16 03:51:20",25019
"2021-01-16 05:36:16",25020
"2021-01-16 06:30:03",25020
"2021-01-16 07:34:22",25023
"2021-01-16 08:32:31",25027
"2021-01-16 09:34:28",25029
"2021-01-16 10:36:50",25033
"2021-01-16 11:33:44",25037
"2021-01-16 12:22:18",25039
"2021-01-16 13:39:32",25044
"2021-01-16 14:28:01",25046
"2021-01-16 15:19:11",25050
"2021-01-16 16:24:29",25051
"2021-01-16 18:13:17",25065
"2021-01-16 19:39:58",25091
"2021-01-16 20:27:42",25107
"2021-01-16 21:20:11",25122
"2021-01-16 22:18:48",25134
"2021-01-16 23:30:08",25142
"2021-01-17 00:30:55",25146
"2021-01-17 02:38:48",25150
"2021-01-17 03:52:36",25152
"2021-01-17 05:39:17",25152
"2021-01-17 06:29:54",25153
"2021-01-17 07:35:04",25159
"2021-01-17 08:28:41",25168
"2021-01-17 09:33:41",25182
"2021-01-17 10:34:34",25192
"2021-01-17 11:34:33",25195
"2021-01-17 12:22:06",25204
"2021-01-17 13:40:16",25218
"2021-01-17 14:26:05",25229
"2021-01-17 15:18:40",25236
"2021-01-17 16:21:18",25241
"2021-01-17 18:13:17",25255
"2021-01-17 19:39:16",25271
"2021-01-17 20:27:08",25277
"2021-01-17 21:21:05",25285
"2021-01-17 22:17:51",25289
"2021-01-17 23:29:24",25293
"2021-01-18 00:31:47",25294
"2021-01-18 02:35:58",25294
"2021-01-18 03:52:03",25294
"2021-01-18 05:37:42",25296
"2021-01-18 06:30:06",25298
"2021-01-18 07:37:12",25304
"2021-01-18 08:30:03",25310
"2021-01-18 09:37:56",25320
"2021-01-18 10:40:39",25329
"2021-01-18 11:38:44",25333
"2021-01-18 12:24:25",25338
"2021-01-18 13:42:37",25345
"2021-01-18 14:30:48",25377
"2021-01-18 15:22:38",25380
"2021-01-18 16:27:28",25444
"2021-01-18 18:20:10",25511
"2021-01-18 19:44:15",25522
"2021-01-18 20:29:32",25526
"2021-01-18 21:28:41",25534
"2021-01-18 22:22:16",25539
"2021-01-18 23:34:22",25539
"2021-01-19 00:35:55",25540
"2021-01-19 02:40:25",25540
"2021-01-19 03:54:02",25540
"2021-01-19 05:41:38",25544
"2021-01-19 06:30:40",25547
"2021-01-19 07:39:04",25558
"2021-01-19 08:31:50",25563
"2021-01-19 09:39:42",25570
"2021-01-19 10:41:52",25578
"2021-01-19 11:39:06",25580
"2021-01-19 12:27:11",25583
"2021-01-19 13:46:34",25586
"2021-01-19 14:34:38",25587
"2021-01-19 15:19:30",25589
"2021-01-19 16:25:07",25597
"2021-01-19 18:14:26",25608
"2021-01-19 19:44:52",25610
"2021-01-19 20:31:03",25611
"2021-01-19 21:31:02",25620
"2021-01-19 22:22:12",25623
"2021-01-19 23:33:26",25626
"2021-01-20 00:42:32",25626
"2021-01-20 02:41:23",25627
"2021-01-20 03:56:50",25627
"2021-01-20 05:44:19",25627
"2021-01-20 06:34:32",25630
"2021-01-20 07:40:02",25635
"2021-01-20 08:34:47",25636
"2021-01-20 09:40:02",25639
"2021-01-20 10:41:15",25642
"2021-01-20 11:39:52",25649
"2021-01-20 12:27:55",25652
"2021-01-20 13:50:46",25657
"2021-01-20 14:33:11",25660
"2021-01-20 15:21:07",25666
"2021-01-20 16:27:57",25668
"2021-01-20 18:17:48",25672
"2021-01-20 19:45:57",25677
"2021-01-20 20:29:37",25681
"2021-01-20 21:28:02",25689
"2021-01-20 22:20:28",25693
"2021-01-20 23:29:37",25694
"2021-01-21 00:35:35",25695
"2021-01-21 02:42:10",25695
"2021-01-21 03:59:28",25696
"2021-01-21 05:42:18",25696
"2021-01-21 06:33:32",25698
"2021-01-21 07:39:02",25701
"2021-01-21 08:31:46",25705
"2021-01-21 09:42:03",25708
"2021-01-21 10:39:28",25709
"2021-01-21 11:44:03",25713
"2021-01-21 12:28:12",25720
"2021-01-21 13:44:40",25728
"2021-01-21 14:31:56",25733
"2021-01-21 15:27:12",25740
"2021-01-21 16:28:28",25742
"2021-01-21 18:18:02",25754
"2021-01-21 19:44:26",25765
"2021-01-21 20:28:24",25771
"2021-01-21 21:22:52",25776
"2021-01-21 22:21:14",25778
"2021-01-21 23:30:35",25783
"2021-01-22 00:35:46",25785
"2021-01-22 02:40:21",25785
"2021-01-22 03:55:52",25785
"2021-01-22 05:42:42",25786
"2021-01-22 06:31:39",25787
"2021-01-22 07:37:47",25792
"2021-01-22 08:31:57",25804
"2021-01-22 09:38:52",25818
"2021-01-22 10:39:19",25831
"2021-01-22 11:43:45",25842
"2021-01-22 12:25:10",25847
"2021-01-22 13:45:11",25858
"2021-01-22 14:31:13",25861
"2021-01-22 15:23:52",25865
"2021-01-22 16:26:34",25870
"2021-01-22 18:17:56",25878
"2021-01-22 19:45:54",25889
"2021-01-22 20:34:20",25894
"2021-01-22 21:26:25",25898
"2021-01-22 22:22:31",25900
"2021-01-22 23:31:12",25901
"2021-01-23 00:35:50",25902
"2021-01-23 02:38:04",25904
"2021-01-23 03:56:34",25905
"2021-01-23 05:39:33",25905
"2021-01-23 06:29:20",25906
"2021-01-23 07:36:55",25910
"2021-01-23 08:27:59",25911
"2021-01-23 09:35:29",25912
"2021-01-23 10:37:17",25975
"2021-01-23 11:39:39",25984
"2021-01-23 12:22:21",25987
"2021-01-23 13:41:50",25993
"2021-01-23 14:29:47",25995
"2021-01-23 15:19:48",25999
"2021-01-23 16:23:48",26006
"2021-01-23 18:13:52",26012
"2021-01-23 19:41:22",26019
"2021-01-23 20:28:09",26021
"2021-01-23 21:22:54",26024
"2021-01-23 22:19:38",26027
"2021-01-23 23:29:04",26030
"2021-01-24 00:31:54",26030
"2021-01-24 02:40:27",26031
"2021-01-24 03:58:43",26031
"2021-01-24 05:43:31",26031
"2021-01-24 06:33:54",26032
"2021-01-24 07:37:16",26032
"2021-01-24 08:30:33",26033
"2021-01-24 09:35:27",26038
"2021-01-24 10:37:31",26044
"2021-01-24 11:35:10",26046
"2021-01-24 12:23:22",26047
"2021-01-24 13:42:10",26051
"2021-01-24 14:30:39",26053
"2021-01-24 15:21:36",26057
"2021-01-24 16:28:11",26063
"2021-01-24 18:13:44",26069
"2021-01-24 19:41:43",26076
"2021-01-24 20:27:10",26078
"2021-01-24 21:25:10",26082
"2021-01-24 22:19:01",26082
"2021-01-24 23:29:38",26085
"2021-01-25 00:32:54",26087
"2021-01-25 02:40:49",26087
"2021-01-25 03:58:23",26089
"2021-01-25 05:42:22",26089
"2021-01-25 06:32:23",26091
"2021-01-25 07:40:52",26098
"2021-01-25 08:32:06",26113
"2021-01-25 09:43:50",26122
"2021-01-25 10:40:43",26126
"2021-01-25 11:39:43",26135
"2021-01-25 12:26:04",26138
"2021-01-25 13:44:50",26147
"2021-01-25 14:30:33",26152
"2021-01-25 15:23:10",26154
"2021-01-25 16:35:58",26159
"2021-01-25 18:14:57",26165
"2021-01-25 19:45:06",26215
"2021-01-25 20:30:09",26222
"2021-01-25 21:26:35",26235
"2021-01-25 22:19:31",26242
"2021-01-25 23:12:02",26243
"2021-01-26 00:10:28",26244
"2021-01-26 01:48:08",26244
"2021-01-26 02:27:18",26244
"2021-01-26 03:14:40",26245
"2021-01-26 04:08:26",26245
"2021-01-26 05:10:47",26246
"2021-01-26 06:02:41",26247
"2021-01-26 07:11:33",26253
"2021-01-26 08:00:22",26258
"2021-01-26 09:09:00",26264
"2021-01-26 10:07:43",26273
"2021-01-26 11:06:44",26279
"2021-01-26 12:01:22",26286
"2021-01-26 13:16:33",26293
"2021-01-26 14:00:24",26302
"2021-01-26 15:05:28",26308
"2021-01-26 16:06:48",26310
"2021-01-26 17:34:19",26314
"2021-01-26 18:16:55",26323
"2021-01-26 19:16:11",26334
"2021-01-26 20:02:01",26337
"2021-01-26 21:02:08",26346
"2021-01-26 22:02:59",26352
"2021-01-26 23:05:15",26367
"2021-01-27 00:06:02",26369
"2021-01-27 01:47:33",26371
"2021-01-27 02:26:13",26372
"2021-01-27 03:11:10",26374
"2021-01-27 04:09:12",26374
"2021-01-27 05:10:14",26375
"2021-01-27 06:01:09",26376
"2021-01-27 07:10:17",26379
"2021-01-27 09:08:07",26400
"2021-01-27 10:08:09",26410
"2021-01-27 11:07:52",26416
"2021-01-27 11:59:13",26423
"2021-01-27 13:17:44",26435
"2021-01-27 14:08:08",26439
"2021-01-27 15:06:29",26443
"2021-01-27 16:11:25",26448
"2021-01-27 17:42:36",26460
"2021-01-27 18:19:31",26462
"2021-01-27 19:18:05",26476
"2021-01-27 20:03:59",26480
"2021-01-27 21:03:58",26485
"2021-01-27 22:06:02",26493
"2021-01-27 23:07:57",26495
"2021-01-28 00:06:29",26498
"2021-01-28 01:54:54",26501
"2021-01-28 02:26:26",26501
"2021-01-28 03:13:55",26501
"2021-01-28 04:09:12",26501
"2021-01-28 07:31:24",26511
"2021-01-28 08:05:36",26515
"2021-01-28 08:38:44",26517
"2021-01-28 09:05:46",26522
"2021-01-28 09:42:04",26532
"2021-01-28 10:17:58",26536
"2021-01-28 11:07:51",26543
"2021-01-28 12:01:31",26549
"2021-01-28 13:17:15",26555
"2021-01-28 14:01:49",26558
"2021-01-28 15:02:38",26561
"2021-01-28 16:06:39",26579
"2021-01-28 17:39:02",26585
"2021-01-28 18:20:27",26589
"2021-01-28 19:19:24",26595
"2021-01-28 20:03:08",26599
"2021-01-28 21:02:16",26609
"2021-01-28 22:03:25",26618
"2021-01-28 23:09:35",26619
"2021-01-29 00:11:54",26620
"2021-01-29 01:48:09",26620
"2021-01-29 02:25:58",26620
"2021-01-29 03:13:17",26620
"2021-01-29 04:10:08",26620
"2021-01-29 05:11:27",26620
"2021-01-29 06:06:48",26622
"2021-01-29 07:11:34",26628
"2021-01-29 08:04:23",26635
"2021-01-29 09:11:26",26643
"2021-01-29 10:10:16",26648
"2021-01-29 11:07:06",26653
"2021-01-29 11:59:48",26658
"2021-01-29 13:18:05",26668
"2021-01-29 14:01:59",26671
"2021-01-29 15:00:58",26675
"2021-01-29 16:06:46",26683
"2021-01-29 17:38:54",26689
"2021-01-29 18:22:02",26691
"2021-01-29 19:19:33",26694
"2021-01-29 20:01:55",26701
"2021-01-29 21:01:14",26703
"2021-01-29 22:05:43",26712
"2021-01-29 23:09:13",26715
"2021-01-30 00:07:18",26715
"2021-01-30 01:49:26",26715
"2021-01-30 02:29:00",26715
"2021-01-30 03:11:55",26715
"2021-01-30 04:07:14",26715
"2021-01-30 05:09:20",26715
"2021-01-30 06:02:44",26716
"2021-01-30 07:09:42",26719
"2021-01-30 08:04:26",26726
"2021-01-30 09:08:40",26732
"2021-01-30 10:07:04",26741
"2021-01-30 11:05:23",26759
"2021-01-30 12:00:04",26764
"2021-01-30 13:16:13",26783
"2021-01-30 14:00:55",26786
"2021-01-30 14:59:00",26793
"2021-01-30 16:04:30",26800
"2021-01-30 17:33:58",26811
"2021-01-30 18:20:05",26816
"2021-01-30 19:14:56",26824
"2021-01-30 20:02:15",26831
"2021-01-30 21:01:48",26838
"2021-01-30 22:02:12",26844
"2021-01-30 23:08:48",26847
"2021-01-31 00:07:05",26849
"2021-01-31 01:53:06",26850
"2021-01-31 03:12:59",26850
"2021-01-31 04:06:58",26850
"2021-01-31 05:09:40",26851
"2021-01-31 06:01:48",26852
"2021-01-31 07:09:57",26859
"2021-01-31 08:02:37",26867
"2021-01-31 09:08:11",26885
"2021-01-31 10:08:10",26898
"2021-01-31 11:05:24",26905
"2021-01-31 12:00:14",26916
"2021-01-31 13:14:58",26926
"2021-01-31 14:01:22",26929
"2021-01-31 14:59:31",26933
"2021-01-31 16:07:08",26940
"2021-01-31 17:35:11",26949
"2021-01-31 18:19:10",26956
"2021-01-31 19:16:15",26961
"2021-01-31 20:02:56",26973
"2021-01-31 21:00:31",26977
"2021-01-31 22:04:14",26985
"2021-01-31 23:06:28",26992
"2021-02-01 00:07:37",26997
"2021-02-01 01:54:00",26999
"2021-02-01 03:16:49",27000
"2021-02-01 04:09:45",27001
"2021-02-01 05:12:07",27002
"2021-02-01 06:02:38",27004
"2021-02-01 07:11:07",27009
"2021-02-01 08:03:51",27015
"2021-02-01 09:10:32",27031
"2021-02-01 10:09:58",27040
"2021-02-01 11:05:45",27046
"2021-02-01 11:59:17",27049
"2021-02-01 13:18:09",27056
"2021-02-01 14:01:48",27058
"2021-02-01 15:02:25",27155
"2021-02-01 16:07:27",27163
"2021-02-01 17:39:30",27174
"2021-02-01 18:22:17",27178
"2021-02-01 19:19:09",27182
"2021-02-01 20:02:33",27188
"2021-02-01 21:03:43",27193
"2021-02-01 22:02:57",27198
"2021-02-01 23:10:46",27200
"2021-02-02 00:06:45",27200
"2021-02-02 01:47:54",27200
"2021-02-02 02:29:34",27200
"2021-02-02 03:12:12",27201
"2021-02-02 04:09:21",27202
"2021-02-02 05:11:12",27206
"2021-02-02 06:03:52",27206
"2021-02-02 07:11:42",27208
"2021-02-02 08:03:13",27211
"2021-02-02 09:08:31",27222
"2021-02-02 10:08:35",27231
"2021-02-02 11:05:48",27241
"2021-02-02 12:01:02",27244
"2021-02-02 13:18:24",27253
"2021-02-02 14:03:38",27256
"2021-02-02 15:02:18",27261
"2021-02-02 16:05:15",27268
"2021-02-02 17:38:15",27276
"2021-02-02 18:20:43",27279
"2021-02-02 19:22:14",27288
"2021-02-02 20:00:20",27294
"2021-02-02 20:59:05",27302
"2021-02-02 22:01:04",27314
"2021-02-02 23:04:42",27318
"2021-02-03 00:02:12",27318
"2021-02-03 01:39:10",27319
"2021-02-03 02:27:47",27319
"2021-02-03 03:10:14",27319
"2021-02-03 04:03:02",27319
"2021-02-03 05:10:37",27320
"2021-02-03 05:59:16",27322
"2021-02-03 07:06:30",27325
"2021-02-03 07:58:58",27328
"2021-02-03 09:07:44",27332
"2021-02-03 10:03:39",27334
"2021-02-03 11:03:13",27341
"2021-02-03 11:57:44",27472
"2021-02-03 13:12:20",27505
"2021-02-03 14:00:56",27530
"2021-02-03 15:00:01",27573
"2021-02-03 16:03:50",27592
"2021-02-03 17:30:32",27621
"2021-02-03 19:11:06",27675
"2021-02-03 19:57:15",27695
"2021-02-03 20:57:55",27720
"2021-02-03 21:56:23",27731
"2021-02-03 22:59:51",27732
"2021-02-03 23:57:54",27746
"2021-02-04 01:30:04",27752
"2021-02-04 02:14:18",27752
"2021-02-04 02:58:14",27753
"2021-02-04 03:59:13",27753
"2021-02-04 05:01:45",27754
"2021-02-04 05:54:09",27759
"2021-02-04 07:01:49",27772
"2021-02-04 07:55:41",27788
"2021-02-04 08:59:37",27807
"2021-02-04 09:58:23",27828
"2021-02-04 11:02:14",27897
"2021-02-04 12:16:00",27920
"2021-02-04 13:06:31",27932
"2021-02-04 14:00:43",27943
"2021-02-04 15:01:36",27955
"2021-02-04 16:01:57",27971
"2021-02-04 17:24:33",27991
"2021-02-04 17:59:00",27999
"2021-02-04 19:05:23",28008
"2021-02-04 19:53:24",28022
"2021-02-04 20:56:33",28034
"2021-02-04 21:56:36",28053
"2021-02-04 23:01:02",28059
"2021-02-04 23:59:37",28064
"2021-02-05 01:31:45",28066
"2021-02-05 02:12:21",28066
"2021-02-05 03:02:41",28066
"2021-02-05 03:58:26",28066
"2021-02-05 05:00:07",28070
"2021-02-05 05:54:28",28074
"2021-02-05 06:59:52",28080
"2021-02-05 07:55:59",28096
"2021-02-05 09:02:53",28117
"2021-02-05 10:00:29",28134
"2021-02-05 11:53:36",28159
"2021-02-05 13:08:09",28181
"2021-02-05 13:54:24",28191
"2021-02-05 14:58:51",28207
"2021-02-05 16:02:40",28217
"2021-02-05 17:21:53",28239
"2021-02-05 17:58:17",28252
"2021-02-05 19:01:33",28267
"2021-02-05 19:53:36",28280
"2021-02-05 20:56:27",28293
"2021-02-05 21:57:08",28310
"2021-02-05 23:00:00",28315
"2021-02-05 23:58:18",28318
"2021-02-06 01:30:58",28318
"2021-02-06 02:11:55",28318
"2021-02-06 02:57:29",28318
"2021-02-06 04:01:02",28318
"2021-02-06 04:59:36",28321
"2021-02-06 05:54:27",28328
"2021-02-06 07:02:25",28333
"2021-02-06 07:54:27",28345
"2021-02-06 08:58:51",28356
"2021-02-06 09:59:27",28369
"2021-02-06 10:58:04",28386
"2021-02-06 11:52:29",28400
"2021-02-06 13:11:54",28420
"2021-02-06 13:53:03",28432
"2021-02-06 14:57:08",28448
"2021-02-06 15:59:32",28462
"2021-02-06 17:18:36",28476
"2021-02-06 17:58:49",28480
"2021-02-06 19:02:46",28499
"2021-02-06 19:53:32",28513
"2021-02-06 20:55:50",28534
"2021-02-06 21:57:20",28545
"2021-02-06 22:59:36",28552
"2021-02-06 23:58:43",28558
"2021-02-07 01:33:38",28561
"2021-02-07 02:14:15",28562
"2021-02-07 02:58:36",28562
"2021-02-07 03:59:57",28562
"2021-02-07 05:01:30",28562
"2021-02-07 05:55:18",28563
"2021-02-07 07:02:18",28570
"2021-02-07 07:54:36",28583
"2021-02-07 09:00:21",28605
"2021-02-07 09:59:21",28617
"2021-02-07 10:57:51",28626
"2021-02-07 11:53:40",28635
"2021-02-07 13:08:05",28645
"2021-02-07 13:53:02",28655
"2021-02-07 14:54:41",28666
"2021-02-07 15:59:11",28673
"2021-02-07 17:19:54",28689
"2021-02-07 17:58:41",28697
"2021-02-07 19:02:50",28714
"2021-02-07 19:53:02",28732
"2021-02-07 20:55:43",28755
"2021-02-07 21:58:02",28780
"2021-02-07 22:59:57",28795
"2021-02-07 23:58:45",28801
"2021-02-08 01:32:03",28805
"2021-02-08 02:13:49",28806
"2021-02-08 02:57:30",28807
"2021-02-08 03:59:46",28807
"2021-02-08 05:01:16",28807
"2021-02-08 05:54:55",28812
"2021-02-08 07:00:14",28819
"2021-02-08 07:54:27",28832
"2021-02-08 09:03:44",28922
"2021-02-08 10:02:54",29113
"2021-02-08 11:02:02",29161
"2021-02-08 11:56:21",29204
"2021-02-08 13:07:10",29218
"2021-02-08 14:00:30",29230
"2021-02-08 15:04:04",29240
"2021-02-08 17:28:47",29262
"2021-02-08 18:00:07",29272
"2021-02-08 19:04:41",29288
"2021-02-08 19:52:42",29305
"2021-02-08 20:55:16",29309
"2021-02-08 21:58:24",29328
"2021-02-08 23:02:04",29336
"2021-02-08 23:59:58",29337
"2021-02-09 01:35:47",29338
"2021-02-09 02:13:35",29339
"2021-02-09 03:03:41",29339
"2021-02-09 04:01:26",29341
"2021-02-09 05:02:01",29343
"2021-02-09 05:54:04",29348
"2021-02-09 07:01:09",29358
"2021-02-09 08:00:59",29367
"2021-02-09 09:00:24",29375
"2021-02-09 10:00:39",29384
"2021-02-09 11:02:14",29396
"2021-02-09 11:53:19",29404
"2021-02-09 13:07:06",29422
"2021-02-09 14:01:37",29428
"2021-02-09 15:00:00",29433
"2021-02-09 16:04:04",29445
"2021-02-09 17:24:06",29454
"2021-02-09 18:03:32",29461
"2021-02-09 19:04:13",29466
"2021-02-09 19:53:53",29471
"2021-02-09 20:55:39",29483
"2021-02-09 21:57:38",29485
"2021-02-09 22:58:17",29491
"2021-02-09 23:58:15",29493
"2021-02-10 01:30:49",29494
"2021-02-10 02:09:50",29494
"2021-02-10 02:55:15",29494
"2021-02-10 03:59:43",29495
"2021-02-10 05:01:10",29497
"2021-02-10 05:56:52",29503
"2021-02-10 07:01:44",29508
"2021-02-10 07:56:09",29516
"2021-02-10 08:59:03",29527
"2021-02-10 10:02:00",29547
"2021-02-10 10:57:53",29660
"2021-02-10 11:54:12",29673
"2021-02-10 13:07:23",29686
"2021-02-10 13:51:26",29689
"2021-02-10 14:56:29",29692
"2021-02-10 16:06:39",29705
"2021-02-10 17:28:06",29709
"2021-02-10 18:07:00",29711
"2021-02-10 19:02:46",29712
"2021-02-10 19:56:28",29728
"2021-02-10 20:59:52",29737
"2021-02-10 21:56:24",29742
"2021-02-10 23:04:06",29745
"2021-02-10 23:58:28",29747
"2021-02-11 01:33:12",29747
"2021-02-11 02:22:59",29747
"2021-02-11 02:59:58",29748
"2021-02-11 03:59:19",29750
"2021-02-11 05:01:45",29754
"2021-02-11 05:57:04",29757
"2021-02-11 07:01:27",29761
"2021-02-11 07:54:33",29771
"2021-02-11 09:04:54",29777
"2021-02-11 10:01:42",29786
"2021-02-11 10:59:06",29793
"2021-02-11 11:54:10",29826
"2021-02-11 13:08:28",29923
"2021-02-11 13:57:28",29931
"2021-02-11 15:02:53",29938
"2021-02-11 17:21:08",29944
"2021-02-11 17:59:24",29947
"2021-02-11 19:04:11",29955
"2021-02-11 19:54:25",29960
"2021-02-11 20:59:02",29968
"2021-02-11 21:58:25",29975
"2021-02-11 23:01:57",29978
"2021-02-11 23:58:29",29980
"2021-02-12 01:31:46",29980
"2021-02-12 02:15:39",29980
"2021-02-12 02:58:17",29980
"2021-02-12 04:00:03",29980
"2021-02-12 05:02:45",29980
"2021-02-12 05:54:19",29980
"2021-02-12 07:01:55",29984
"2021-02-12 07:55:01",29988
"2021-02-12 09:01:25",29992
"2021-02-12 10:00:22",30000
"2021-02-12 10:59:10",30018
"2021-02-12 11:54:26",30034
"2021-02-12 13:08:31",30056
"2021-02-12 13:53:35",30069
"2021-02-12 14:56:21",30078
"2021-02-12 16:05:06",30094
"2021-02-12 17:23:00",30117
"2021-02-12 18:05:51",30130
"2021-02-12 19:08:12",30151
"2021-02-12 19:53:22",30167
"2021-02-12 20:56:44",30181
"2021-02-12 21:57:50",30191
"2021-02-12 22:58:47",30199
"2021-02-13 00:00:49",30201
"2021-02-13 01:31:07",30205
"2021-02-13 02:12:35",30207
"2021-02-13 02:58:48",30208
"2021-02-13 03:58:13",30208
"2021-02-13 05:01:13",30209
"2021-02-13 05:55:29",30211
"2021-02-13 07:00:10",30217
"2021-02-13 07:54:28",30232
"2021-02-13 09:02:49",30248
"2021-02-13 09:59:49",30262
"2021-02-13 10:58:08",30268
"2021-02-13 11:53:30",30273
"2021-02-13 13:05:22",30281
"2021-02-13 13:53:06",30287
"2021-02-13 14:54:07",30292
"2021-02-13 16:00:17",30302
"2021-02-13 17:19:13",30311
"2021-02-13 17:59:01",30318
"2021-02-13 19:03:22",30332
"2021-02-13 19:53:21",30338
"2021-02-13 20:55:25",30346
"2021-02-13 21:56:43",30360
"2021-02-13 22:59:51",30365
"2021-02-13 23:58:23",30365
"2021-02-14 01:34:00",30368
"2021-02-14 02:14:01",30368
"2021-02-14 03:00:27",30368
"2021-02-14 04:01:22",30368
"2021-02-14 05:02:07",30369
"2021-02-14 05:56:07",30369
"2021-02-14 07:02:49",30375
"2021-02-14 07:53:13",30381
"2021-02-14 09:03:58",30388
"2021-02-14 09:59:30",30393
"2021-02-14 10:58:12",30398
"2021-02-14 11:53:04",30405
"2021-02-14 13:10:52",30413
"2021-02-14 13:52:49",30420
"2021-02-14 14:58:59",30430
"2021-02-14 16:00:09",30440
"2021-02-14 17:19:01",30451
"2021-02-14 17:59:01",30457
"2021-02-14 19:04:10",30469
"2021-02-14 19:52:47",30481
"2021-02-14 20:55:51",30492
"2021-02-14 21:57:39",30503
"2021-02-14 22:59:02",30504
"2021-02-14 23:59:19",30508
"2021-02-15 01:32:57",30509
"2021-02-15 02:15:36",30510
"2021-02-15 03:01:17",30511
"2021-02-15 03:59:41",30511
"2021-02-15 05:03:05",30512
"2021-02-15 05:55:11",30514
"2021-02-15 07:06:33",30525
"2021-02-15 07:55:23",30602
"2021-02-15 09:06:23",30615
"2021-02-15 10:06:50",30633
"2021-02-15 10:57:39",30640
"2021-02-15 11:55:38",30648
"2021-02-15 13:08:22",30657
"2021-02-15 13:54:40",30663
"2021-02-15 14:55:50",30667
"2021-02-15 16:07:12",30679
"2021-02-15 17:22:10",30685
"2021-02-15 18:05:14",30688
"2021-02-15 19:05:56",30694
"2021-02-15 19:53:01",30703
"2021-02-15 20:56:22",30888
"2021-02-15 21:57:35",30893
"2021-02-15 22:58:44",30901
"2021-02-15 23:59:26",30903
"2021-02-16 01:31:51",30904
"2021-02-16 02:15:45",30906
"2021-02-16 02:59:14",30906
"2021-02-16 03:59:05",30906
"2021-02-16 05:01:40",30907
"2021-02-16 05:53:12",30910
"2021-02-16 07:01:48",30916
"2021-02-16 07:54:39",30924
"2021-02-16 09:00:39",30941
"2021-02-16 09:59:58",30948
"2021-02-16 10:58:02",30959
"2021-02-16 11:54:10",30966
"2021-02-16 13:07:36",30972
"2021-02-16 13:53:59",31048
"2021-02-16 14:56:02",31054
"2021-02-16 15:58:55",31059
"2021-02-16 17:20:23",31067
"2021-02-16 18:03:25",31071
"2021-02-16 19:03:49",31080
"2021-02-16 19:51:53",31086
"2021-02-16 20:56:14",31093
"2021-02-16 21:56:49",31098
"2021-02-16 22:59:48",31103
"2021-02-16 23:59:35",31104
"2021-02-17 01:30:53",31104
"2021-02-17 02:12:36",31104
"2021-02-17 02:58:41",31104
"2021-02-17 04:00:47",31104
"2021-02-17 05:01:55",31105
"2021-02-17 05:55:16",31107
"2021-02-17 07:01:59",31109
"2021-02-17 07:55:19",31114
"2021-02-17 09:04:10",31119
"2021-02-17 10:02:44",31122
"2021-02-17 11:03:12",31125
"2021-02-17 11:54:54",31130
"2021-02-17 13:08:25",31134
"2021-02-17 14:02:27",31138
"2021-02-17 14:58:23",31144
"2021-02-17 16:07:10",31148
"2021-02-17 17:24:17",31153
"2021-02-17 17:52:04",31154
"2021-02-17 19:01:26",31159
"2021-02-17 19:59:27",31227
"2021-02-17 20:58:07",31234
"2021-02-17 22:04:48",31234
"2021-02-17 23:10:20",31236
"2021-02-18 00:09:42",31236
"2021-02-18 01:41:25",31237
"2021-02-18 02:16:45",31237
"2021-02-18 02:58:46",31237
"2021-02-18 04:02:16",31238
"2021-02-18 05:03:32",31239
"2021-02-18 05:56:17",31240
"2021-02-18 07:12:41",31243
"2021-02-18 08:02:19",31244
"2021-02-18 09:12:16",31248
"2021-02-18 10:11:25",31251
"2021-02-18 11:13:11",31256
"2021-02-18 12:05:06",31261
"2021-02-18 13:19:35",31265
"2021-02-18 14:05:22",31270
"2021-02-18 15:06:23",31272
"2021-02-18 16:12:26",31279
"2021-02-18 17:33:53",31289
"2021-02-18 18:12:12",31289
